<?xml version="1.0" encoding="utf-8" standalone="yes"?>
<rss version="2.0" xmlns:atom="http://www.w3.org/2005/Atom">
  <channel>
    <title>Categories on VICCM</title>
    <link>https://www.mamiferoscolombia.org/VICCM/categories/</link>
    <description>Recent content in Categories on VICCM</description>
    <generator>Hugo -- gohugo.io</generator>
    <language>En-us</language>
    <copyright>Sociedad Colombiana de Mastozoología [(SCMas)](https://mamiferoscolombia.org/). Pagina Web por [Diego J. Lizcano](http://dlizcano.github.io/).</copyright><atom:link href="https://www.mamiferoscolombia.org/VICCM/categories/index.xml" rel="self" type="application/rss+xml" />
  </channel>
</rss>
