<?xml version="1.0" encoding="utf-8" standalone="yes"?>
<rss version="2.0" xmlns:atom="http://www.w3.org/2005/Atom">
  <channel>
    <title>Tags on VICCM</title>
    <link>https://www.mamiferoscolombia.org/VICCM/es/tags/</link>
    <description>Recent content in Tags on VICCM</description>
    <generator>Hugo -- gohugo.io</generator>
    <language>es-es</language>
    <copyright>Un programa financiado por [UK PACT](https://www.ukpact.co.uk/country-programme/colombia). Pagina Web por [Diego J. Lizcano](http://dlizcano.github.io/). Desde el equipo de la [Agencia de Dessarollo](https://destinos.awake.travel/agenciadesarrollo/) de [Awake](https://awake.travel/)</copyright><atom:link href="https://www.mamiferoscolombia.org/VICCM/es/tags/index.xml" rel="self" type="application/rss+xml" />
  </channel>
</rss>
