<?xml version="1.0" encoding="utf-8" standalone="yes"?>
<rss version="2.0" xmlns:atom="http://www.w3.org/2005/Atom">
  <channel>
    <title>Blogs on VICCM</title>
    <link>https://www.mamiferoscolombia.org/VICCM/es/blog/</link>
    <description>Recent content in Blogs on VICCM</description>
    <generator>Hugo -- gohugo.io</generator>
    <language>es-es</language>
    <copyright>Un programa financiado por [UK PACT](https://www.ukpact.co.uk/country-programme/colombia). Pagina Web por [Diego J. Lizcano](http://dlizcano.github.io/). Desde el equipo de la [Agencia de Dessarollo](https://destinos.awake.travel/agenciadesarrollo/) de [Awake](https://awake.travel/)</copyright>
    <lastBuildDate>Sat, 17 Sep 2022 12:52:36 +0600</lastBuildDate><atom:link href="https://www.mamiferoscolombia.org/VICCM/es/blog/index.xml" rel="self" type="application/rss+xml" />
    <item>
      <title>CORUNTA</title>
      <link>https://www.mamiferoscolombia.org/VICCM/es/blog/corunta/</link>
      <pubDate>Sat, 17 Sep 2022 12:52:36 +0600</pubDate>
      
      <guid>https://www.mamiferoscolombia.org/VICCM/es/blog/corunta/</guid>
      <description>Ubicación de las Grabadoras En colaboración con Centro Ecoturístico Corunta, instalamos cuatro grabadoras en seis sitios.</description>
    </item>
    
    <item>
      <title>Paraiso Bombonas</title>
      <link>https://www.mamiferoscolombia.org/VICCM/es/blog/paraisobombonas/</link>
      <pubDate>Sat, 17 Sep 2022 12:52:36 +0600</pubDate>
      
      <guid>https://www.mamiferoscolombia.org/VICCM/es/blog/paraisobombonas/</guid>
      <description>Ubicación de las Grabadoras En colaboración con Reserva Natural Paraíso Bombonas, instalamos cuatro grabadoras en seis sitios.</description>
    </item>
    
    <item>
      <title>Oxigeno Verdeyaco</title>
      <link>https://www.mamiferoscolombia.org/VICCM/es/blog/oxigeno/</link>
      <pubDate>Fri, 16 Sep 2022 12:52:36 +0600</pubDate>
      
      <guid>https://www.mamiferoscolombia.org/VICCM/es/blog/oxigeno/</guid>
      <description>Ubicación de las Grabadoras En colaboración con Reserva forestal protectora oxigeno verdeyaco, instalamos cuatro grabadoras en diez sitios.</description>
    </item>
    
    <item>
      <title>Posada Chachita</title>
      <link>https://www.mamiferoscolombia.org/VICCM/es/blog/chachita/</link>
      <pubDate>Thu, 15 Sep 2022 12:52:36 +0600</pubDate>
      
      <guid>https://www.mamiferoscolombia.org/VICCM/es/blog/chachita/</guid>
      <description>Ubicación de las Grabadoras En colaboración con Posada Ecoturistica Chachita, instalamos cinco grabadoras en cinco sitios.</description>
    </item>
    
    <item>
      <title>CEMTUR-Tierradentro</title>
      <link>https://www.mamiferoscolombia.org/VICCM/es/blog/cemtur/</link>
      <pubDate>Wed, 17 Aug 2022 12:52:36 +0600</pubDate>
      
      <guid>https://www.mamiferoscolombia.org/VICCM/es/blog/cemtur/</guid>
      <description>Ubicación de las Grabadoras En colaboración con la Corporación Empresarial de Destinos Turísticos CEMTUR Tierradentro, instalamos cuatro grabadoras en catorce sitioss.</description>
    </item>
    
    <item>
      <title>La Macarena</title>
      <link>https://www.mamiferoscolombia.org/VICCM/es/blog/macarenia/</link>
      <pubDate>Sat, 18 Dec 2021 12:52:36 +0600</pubDate>
      
      <guid>https://www.mamiferoscolombia.org/VICCM/es/blog/macarenia/</guid>
      <description>Ubicación de las Grabadoras En la Macarena y de la mano de Macarenia Travel instalamos tres grabadoras.</description>
    </item>
    
    <item>
      <title>Reserva Natural el Encanto de Guanapalo</title>
      <link>https://www.mamiferoscolombia.org/VICCM/es/blog/guanapalo/</link>
      <pubDate>Fri, 17 Dec 2021 12:52:36 +0600</pubDate>
      
      <guid>https://www.mamiferoscolombia.org/VICCM/es/blog/guanapalo/</guid>
      <description>Ubicación de las grabadoras En la Reserva Natural el Encanto de Guanapalo instalamos una grabadora.</description>
    </item>
    
    <item>
      <title>Reserva Natural la Algarabía</title>
      <link>https://www.mamiferoscolombia.org/VICCM/es/blog/algarabia/</link>
      <pubDate>Thu, 16 Dec 2021 12:52:36 +0600</pubDate>
      
      <guid>https://www.mamiferoscolombia.org/VICCM/es/blog/algarabia/</guid>
      <description>Ubicación de las grabadoras En la reserva natural la Algarabía instalamos dos grabadoras.</description>
    </item>
    
    <item>
      <title>Reserva NSC El Boral</title>
      <link>https://www.mamiferoscolombia.org/VICCM/es/blog/boral/</link>
      <pubDate>Thu, 16 Dec 2021 12:52:36 +0600</pubDate>
      
      <guid>https://www.mamiferoscolombia.org/VICCM/es/blog/boral/</guid>
      <description>Ubicación de las grabadoras En la reserva Hato El Boral instalamos una grabadora.</description>
    </item>
    
    <item>
      <title>AICA - Reservas de Altagracia</title>
      <link>https://www.mamiferoscolombia.org/VICCM/es/blog/altagracia/</link>
      <pubDate>Wed, 15 Dec 2021 12:52:36 +0600</pubDate>
      
      <guid>https://www.mamiferoscolombia.org/VICCM/es/blog/altagracia/</guid>
      <description>Ubicación de las grabadoras En las Reservas de Altagracia: La sonrisa, El Limonal, San Cristobal, San Andres y Palmeras, se instalaron cuatro gabadoras.</description>
    </item>
    
    <item>
      <title>Reservas de Altagracia-Buenaventura</title>
      <link>https://www.mamiferoscolombia.org/VICCM/es/blog/buenaventura/</link>
      <pubDate>Wed, 15 Dec 2021 12:52:36 +0600</pubDate>
      
      <guid>https://www.mamiferoscolombia.org/VICCM/es/blog/buenaventura/</guid>
      <description>Ubicación de las grabadoras En Ecolodge Buenaventura de las reservas de Altagracia instalamos una grabadora.</description>
    </item>
    
    <item>
      <title>Reservas de Altagracia-La Sonrisa</title>
      <link>https://www.mamiferoscolombia.org/VICCM/es/blog/lasonrisa/</link>
      <pubDate>Tue, 14 Dec 2021 12:52:36 +0600</pubDate>
      
      <guid>https://www.mamiferoscolombia.org/VICCM/es/blog/lasonrisa/</guid>
      <description>Ubicación de las grabadoras En la reserva La Sonrisa, de las reservas de Altagracia instalamos una grabadora.</description>
    </item>
    
    <item>
      <title>Reservas de Altagracia-San Andres</title>
      <link>https://www.mamiferoscolombia.org/VICCM/es/blog/sanandres/</link>
      <pubDate>Mon, 13 Dec 2021 12:52:36 +0600</pubDate>
      
      <guid>https://www.mamiferoscolombia.org/VICCM/es/blog/sanandres/</guid>
      <description>Ubicación de las grabadoras En la reserva San Andres, la cual hace parte de las reservas de Altagracia, instalamos una grabadora.</description>
    </item>
    
    <item>
      <title>Reservas de Altagracia-San Cristobal</title>
      <link>https://www.mamiferoscolombia.org/VICCM/es/blog/sancristobal/</link>
      <pubDate>Mon, 13 Dec 2021 12:52:36 +0600</pubDate>
      
      <guid>https://www.mamiferoscolombia.org/VICCM/es/blog/sancristobal/</guid>
      <description>Ubicación de las grabadoras En la reserva San Cristobal, la cual hace parte de las reservas de Altagracia, instalamos una grabadora.</description>
    </item>
    
    <item>
      <title>Reservas de Altagracia-El Limonal</title>
      <link>https://www.mamiferoscolombia.org/VICCM/es/blog/limonal/</link>
      <pubDate>Sun, 12 Dec 2021 12:52:36 +0600</pubDate>
      
      <guid>https://www.mamiferoscolombia.org/VICCM/es/blog/limonal/</guid>
      <description>Ubicación de las grabadoras En la reserva El Limonal, la cual hace parte de las reservas de Altagracia, instalamos una grabadora.</description>
    </item>
    
    <item>
      <title>Reservas de Altagracia-La Palmera</title>
      <link>https://www.mamiferoscolombia.org/VICCM/es/blog/palmera/</link>
      <pubDate>Sat, 11 Dec 2021 12:52:36 +0600</pubDate>
      
      <guid>https://www.mamiferoscolombia.org/VICCM/es/blog/palmera/</guid>
      <description>Ubicación de las grabadoras En la reserva La Palmera, la cual hace parte de las reservas de Altagracia, instalamos una grabadora.</description>
    </item>
    
    <item>
      <title>Reserva Selva Vides</title>
      <link>https://www.mamiferoscolombia.org/VICCM/es/blog/selvavides/</link>
      <pubDate>Fri, 15 Oct 2021 12:52:36 +0600</pubDate>
      
      <guid>https://www.mamiferoscolombia.org/VICCM/es/blog/selvavides/</guid>
      <description>En la Reserva Natural Selva Vides se pueden encontrar muchas especies de aves representativas del piedemonte Amazonico.</description>
    </item>
    
    <item>
      <title>Reserva Donde se Oculta el Sol</title>
      <link>https://www.mamiferoscolombia.org/VICCM/es/blog/oculta_sol_fredy/</link>
      <pubDate>Wed, 13 Oct 2021 12:52:36 +0600</pubDate>
      
      <guid>https://www.mamiferoscolombia.org/VICCM/es/blog/oculta_sol_fredy/</guid>
      <description>Donde se Oculta el Sol, se encuentra ubicado el municipio de Villagarzón en el corazón del Putumayo, muy cercano al piedemonte amazónico que comprende las estribaciones del nudo de los pastos y la planicie amazónica.</description>
    </item>
    
    <item>
      <title>Reserva Natural el Manzanal</title>
      <link>https://www.mamiferoscolombia.org/VICCM/es/blog/manzanal/</link>
      <pubDate>Tue, 12 Oct 2021 12:52:36 +0600</pubDate>
      
      <guid>https://www.mamiferoscolombia.org/VICCM/es/blog/manzanal/</guid>
      <description>En la Reserva Natural Manzanal se pueden encontrar muchas especies de aves muy cerca de Popayán.</description>
    </item>
    
    <item>
      <title>Corporación Fin del Mundo</title>
      <link>https://www.mamiferoscolombia.org/VICCM/es/blog/findelmundo/</link>
      <pubDate>Mon, 13 Sep 2021 12:52:36 +0600</pubDate>
      
      <guid>https://www.mamiferoscolombia.org/VICCM/es/blog/findelmundo/</guid>
      <description>En el Fin del Mundo, puede disfrutar de senderos ecológicos, posos de aguas transparentes y hermosas cascadas rodeadas por un hermoso bosque natural.</description>
    </item>
    
    <item>
      <title>Reserva Selva Mojada</title>
      <link>https://www.mamiferoscolombia.org/VICCM/es/blog/selvamojada/</link>
      <pubDate>Mon, 13 Sep 2021 12:52:36 +0600</pubDate>
      
      <guid>https://www.mamiferoscolombia.org/VICCM/es/blog/selvamojada/</guid>
      <description>Ubicación de las grabadoras En la Reserva Selva Mojada se usaron cuatro grabadoras.</description>
    </item>
    
    <item>
      <title>Reserva el Amargal</title>
      <link>https://www.mamiferoscolombia.org/VICCM/es/blog/amargal/</link>
      <pubDate>Sun, 12 Sep 2021 12:52:36 +0600</pubDate>
      
      <guid>https://www.mamiferoscolombia.org/VICCM/es/blog/amargal/</guid>
      <description>Ubicación de las grabadoras En la reserva el Amargal instalamos tres grabadoras.</description>
    </item>
    
    <item>
      <title>Reserva el Escondite</title>
      <link>https://www.mamiferoscolombia.org/VICCM/es/blog/escondite/</link>
      <pubDate>Sun, 12 Sep 2021 12:52:36 +0600</pubDate>
      
      <guid>https://www.mamiferoscolombia.org/VICCM/es/blog/escondite/</guid>
      <description>El Escondite es una Reserva Natural Privada, ubicada en el municipio de Villagarzón, Putumayo, Colombia, que cuenta con un área protegida de aproximadamente 124 hectáreas, de las cuales el 70% se encuentra en regeneración natural o en estado de conservación.</description>
    </item>
    
    <item>
      <title>Que es Awake BIO</title>
      <link>https://www.mamiferoscolombia.org/VICCM/es/blog/awakebio/</link>
      <pubDate>Sat, 12 Jun 2021 12:52:36 +0600</pubDate>
      
      <guid>https://www.mamiferoscolombia.org/VICCM/es/blog/awakebio/</guid>
      <description>Awake BIO Awake BIO una estrategia, donde héroes de la conservación, instituciones aliadas, donantes, líderes del turismo de naturaleza, viajeros, ciencia y tecnología, se unen para materializar acciones concretas que hagan frente a los retos ambientales actuales y futuros.</description>
    </item>
    
  </channel>
</rss>
