<?xml version="1.0" encoding="utf-8" standalone="yes"?>
<rss version="2.0" xmlns:atom="http://www.w3.org/2005/Atom">
  <channel>
    <title>Andes on Monitoreo Acustico</title>
    <link>https://monitoreo-acustico.netlify.app/es/categories/andes/</link>
    <description>Recent content in Andes on Monitoreo Acustico</description>
    <generator>Hugo -- gohugo.io</generator>
    <language>es-es</language>
    <copyright>por [Diego J. Lizcano](http://dlizcano.github.io/). Desde el equipo de la [Agencia de Dessarollo](https://destinos.awake.travel/agenciadesarrollo/) de [Awake](https://awake.travel/)</copyright>
    <lastBuildDate>Tue, 12 Oct 2021 12:52:36 +0600</lastBuildDate><atom:link href="https://monitoreo-acustico.netlify.app/es/categories/andes/index.xml" rel="self" type="application/rss+xml" />
    <item>
      <title>Reserva Natural el Manzanal</title>
      <link>https://monitoreo-acustico.netlify.app/es/blog/manzanal/</link>
      <pubDate>Tue, 12 Oct 2021 12:52:36 +0600</pubDate>
      
      <guid>https://monitoreo-acustico.netlify.app/es/blog/manzanal/</guid>
      <description>Ubicación de las grabadoras En la Reserva Natural el Manzanal se usaron tres grabadoras.
&amp;lt;function resizeIframe(obj) {obj.</description>
    </item>
    
  </channel>
</rss>
