<?xml version="1.0" encoding="utf-8" standalone="yes"?>
<rss version="2.0" xmlns:atom="http://www.w3.org/2005/Atom">
  <channel>
    <title>Authors on VICCM</title>
    <link>https://www.mamiferoscolombia.org/VICCM/es/author/</link>
    <description>Recent content in Authors on VICCM</description>
    <generator>Hugo -- gohugo.io</generator>
    <language>es-es</language>
    <copyright>Un programa financiado por [UK PACT](https://www.ukpact.co.uk/country-programme/colombia). Pagina Web por [Diego J. Lizcano](http://dlizcano.github.io/). Desde el equipo de la [Agencia de Dessarollo](https://destinos.awake.travel/agenciadesarrollo/) de [Awake](https://awake.travel/)</copyright><atom:link href="https://www.mamiferoscolombia.org/VICCM/es/author/index.xml" rel="self" type="application/rss+xml" />
    <item>
      <title>Diego J. Lizcano</title>
      <link>https://www.mamiferoscolombia.org/VICCM/es/author/diego-lizcano/</link>
      <pubDate>Mon, 01 Jan 0001 00:00:00 +0000</pubDate>
      
      <guid>https://www.mamiferoscolombia.org/VICCM/es/author/diego-lizcano/</guid>
      <description>Diego es Biólogo, experto en ecología y conservación de biodiversidad, con experiencia en proyectos de monitoreo usando diversas técnicas y tecnologías aplicadas a la conservación.</description>
    </item>
    
  </channel>
</rss>
